{
  "auroc": 0.7476270240089335,
  "auprc": 0.9639119553493484,
  "accuracy": 0.9262672811059908,
  "n_train": 867,
  "n_test": 217,
  "pos_rate_test": 0.9170506912442397
}